{
    "104066": "Matemáticas Básicas",
    "100010": "Fundamentos de Ingeniería",
    "104029": "Álgebra Lineal",
    "103004": "Teoría de Sistemas",
    "103002": "Lógica de Programación",
    "114081": "Fundamentos Básicos",
    "100059": "Competencias Comunicativas",
    "101241": "Emprendimiento",
    "105038": "Ética",
    "105042": "Cultura Política",
    "104030": "Cálculo Diferencial",
    "109178": "Física Mecánica",
    "109179": "Electricidad y Magnetismo",
    "109184": "Electrónica Digital y Arquitectura de Computadores",
    "109104": "Sistemas Embebidos",
    "104031": "Cálculo Integral",
    "104033": "Ecuaciones Diferenciales",
    "104036": "Estadística y Probabilidad",
    "104032": "Cálculo Vectorial",
    "109057": "Métodos Numéricos",
    "109185": "Modelamiento y Simulación",
    "109188": "Ciencia de los Datos",
    "103117": "Inteligencia Artificial",
    "109182": "Paradigmas de Lenguajes",
    "103007": "Técnicas de Programación",
    "103008": "Fundamentos de POO",
    "103011": "Estructura de Datos",
    "103012": "Estructura de Datos II",
    "103018": "Programación Orientada a Objetos",
    "109180": "Bases de Datos I",
    "103027": "Sistemas Operativos",
    "103022": "Ingeniería de Software I",
    "103126": "Redes LAN",
    "109183": "Programación Backend",
    "103093": "Ingeniería de Software II",
    "109186": "Procesadores de Lenguajes",
    "103021": "Diseño de Algoritmos",
    "109187": "Programación Frontend",
    "103127": "Énfasis Profesional",
    "109181": "Bases de Datos II",
    "103125": "Sistemas de Información y Organizaciones",
    "109189": "Programación de Dispositivos Móviles",
    "103135": "Proyecto de Desarrollo de Software",
    "103118": "Gerencia de Proyectos Tecnológicos",
    "103136": "Práctica Empresarial",
    "105036": "Filosofía de la Ciencia",
    "100030": "Proceso de Investigación I",
    "100063": "Paz y Competitividad",
    "100031": "Proceso de Investigación II",
    "105041": "Desarrollo Sostenible",
    "151601": "Inglés I",
    "151602": "Inglés II",
    "151603": "Inglés III",
    "151604": "Inglés IV",
    "151605": "Inglés V",
    "151606": "Inglés VI",
    "104074": "Física I",
    "104075": "Física II",
    "104076": "Física III",
    "103013": "Organización de Computadores",
    "103029": "Bases de Datos",
    "109001": "Electrónica Digital",
    "104040": "Optimización",
    "104063": "Simulación",
    "103086": "Teoría de la Computación",
    "103037": "Teoría y Traducción de Lenguajes",
    "103034": "Sistemas Distribuidos",
    "103019": "Modelos",
    "104003": "Matemáticas Discretas",
    "104027": "Matemáticas Discretas",
    "104038": "Geometria Analítica"
}